text,emoji
I love pizza,🍕
I want pizza,🍕
Want some pizza,🍕
Cheese pizza is the best,🍕
I am hungry for pizza,🍕
Pizza time!,🍕
Eating pizza is fun,🍕
Let's eat pizza,🍕
Pizza party!,🍕
Delicious pizza!,🍕
I love coffee,☕
I need coffee,☕
One more coffee,☕
Cold coffee is the best,☕
I can’t live without coffee,☕
Coffee break!,☕
Time for coffee,☕
Coffee vibes,☕
Morning coffee,☕
Enjoying coffee,☕
Good night,🌙
Good night baby,🌙
Have a Good night,🌙
Sweet Dreams,🌙
Good night Friend,🌙
Sleep well,🌙
Nighty night,🌙
Time to sleep,🌙
Rest well,🌙
Sleep tight,🌙
I am crying,😭
Feeling sad and crying,😭
Tears are falling,😭
Crying alone,😭
I am very upset,😭
Feeling heartbroken,😭
So sad today,😭
I feel miserable,😭
Crying quietly,😭
I can't stop crying,😭
I am strong,💪
Feeling strong today,💪
I can do this,💪
Strength is mine,💪
I feel powerful,💪
Strong and confident,💪
Never give up,💪
I am unstoppable,💪
Feeling energetic,💪
I am resilient,💪
I am tired,😓
Feeling exhausted,😓
So tired today,😓
Completely drained,😓
I need rest,😓
Running out of energy,😓
I am worn out,😓
Fatigued today,😓
So sleepy,😓
Totally tired,😓
I am sleepy,😪
Feeling sleepy,😪
Need to sleep,😪
Time for nap,😪
Falling asleep,😪
Sleepy vibes,😪
Dozing off,😪
Yawning a lot,😪
I can't stay awake,😪
Bedtime now,😪
Feeling sick,🤒
I am sick,🤒
Feeling unwell,🤒
Caught a cold,🤒
Not feeling good,🤒
I have a fever,🤒
Feeling terrible,🤒
Under the weather,🤒
I need medicine,🤒
I feel awful,🤒
Wow amazing,🤩
This is amazing,🤩
So amazing,🤩
Absolutely wow,🤩
Mind-blowing,🤩
Superb!,🤩
Incredible!,🤩
Unbelievable!,🤩
Fabulous!,🤩
Fantastic!,🤩
This is funny,😂
Haha funny,😂
LOL,😂
Can't stop laughing,😂
Hilarious!,😂
So funny,😂
Laughing out loud,😂
Really funny,😂
Comedy gold,😂
Making me laugh,😂
Happy birthday,🎂
Many happy returns,🎂
Celebrate birthday,🎂
Birthday vibes,🎂
Happy bday!,🎂
Birthday party time,🎂
Wish you a happy birthday,🎂
Have a great birthday,🎂
Enjoy your birthday,🎂
Birthday cheers,🎂
Let's party,🎉
Party time!,🎉
Celebrate!,🎉
Fun party,🎉
Dance and party,🎉
Time to celebrate,🎉
Weekend party,🎉
Birthday party!,🎉
Party vibes,🎉
Let's have fun,🎉
Good morning,☀️
Morning vibes,☀️
Wake up!,☀️
Rise and shine,☀️
Hello morning,☀️
Start your day,☀️
Bright morning,☀️
Good day ahead,☀️
Morning sunshine,☀️
Fresh morning,☀️
I love you,❤️
Love you lots,❤️
Sending love,❤️
I adore you,❤️
Lots of love,❤️
Love you forever,❤️
My heart is yours,❤️
Forever love,❤️
Love always,❤️
Hugs and love,❤️
I am scared,👻
Feeling scared,👻
I am afraid,👻
So spooky,👻
Scared to death,👻
Fear strikes,👻
Feeling terrified,👻
Oh no!,👻
Frightened,👻
Scary vibes,👻
I love books,📚
Reading time,📚
Books are fun,📚
Love reading,📚
I am a bookworm,📚
Enjoying a book,📚
Books forever,📚
Reading vibes,📚
Books are life,📚
Lost in a book,📚
Let's go shopping,🛍️
Shopping time,🛍️
Buy new things,🛍️
Shop till I drop,🛍️
Time to shop,🛍️
Shopping spree,🛍️
Retail therapy,🛍️
Shopping fun,🛍️
Love shopping,🛍️
Go shopping,🛍️
I am hungry,🍔
Time to eat,🍔
Feeling hungry,🍔
Need food,🍔
Hungry vibes,🍔
Lunch time,🍔
Snack time,🍔
Eating now,🍔
Food please,🍔
I want a burger,🍔
It's raining,🌧️
Rainy day,🌧️
Feeling wet,🌧️
Umbrella time,🌧️
Raining outside,🌧️
Rain vibes,🌧️
Wet weather,🌧️
Rainy mood,🌧️
Love the rain,🌧️
Rain drops,🌧️
I love cats,🐱
Cats are cute,🐱
My cat loves me,🐱
Cuddling with cats,🐱
Cat lover,🐱
Cats forever,🐱
Playing with cats,🐱
Kitty time,🐱
Cats are amazing,🐱
Cute kittens,🐱
I love dogs,🐶
Dogs are awesome,🐶
Dog lover,🐶
Playing with dogs,🐶
My dog loves me,🐶
Dogs forever,🐶
Puppy time,🐶
Dogs are fun,🐶
Walking my dog,🐶
Cute puppies,🐶
Going to the beach,🏖️
Beach time,🏖️
Sunny beach,🏖️
Relax at the beach,🏖️
Beach vibes,🏖️
Swimming at beach,🏖️
Sandy beach,🏖️
Vacation at beach,🏖️
Beach day,🏖️
Fun at beach,🏖️
I am studying,✏️
Study time,✏️
Doing homework,✏️
Learning hard,✏️
Focus on study,✏️
Reading books,✏️
Working on assignment,✏️
Studying now,✏️
Learning session,✏️
Time to study,✏️
I am laughing,🤣
LOL time,🤣
Laughing out loud,🤣
Haha🤣,🤣
Can't stop laughing,🤣
So funny🤣,🤣
Hilarious🤣,🤣
Laugh vibes,🤣
This is a joke🤣
Comedy time🤣
Good job,👍
Well done,👍
Excellent work,👍
Nice one,👍
Great job,👍
Amazing effort,👍
Good work,👍
Feeling lucky,🍀
Good luck,🍀
Wish you luck,🍀
All the best,🍀
Good fortune,🍀
Fingers crossed,🍀
Luck for you,🍀
Best wishes,🍀
Lucky day,🍀
Hope you succeed,🍀
Happy new year,🎆
New year vibes,🎆
Cheers to new year,🎆
Welcome 2025,🎆
Happy NYE!,🎆
Celebrate new year,🎆
New year celebration,🎆
NYE party,🎆
New year happiness,🎆
Countdown to new year,🎆




